"name","bytes","sha256"
"sauna-univ-01.jpg","215522","2873C95D216567260D4074043EA8F23D3682AD7BD545E8B952C917C52EC1F27F"
"sauna-univ-02.jpg","834214","5A7C812AF9D5722E011920BE0EC9E5305A4559BCB174B45DB52094CB5330A3F0"
"sauna-univ-03.jpg","439403","76B7B4689385A70B36DF3A0AF15CE0D26C614480DD6FB9BB1BB6567BC3ED762A"
"sauna-univ-04.jpg","341674","E51CA050C203DCE0462EA17BE308EFEF8938DCB74D37F60D98B6ED96C12BABCF"
"sauna-univ-05.jpg","209949","4BA77EB45677142EE342CF16C3A1736B1B752ADEEDADB6A7B009EC9B8ABE01FB"
"sauna-univ-06.jpg","195334","A29292C8E029914F9C35AA12325C32704DD38D1E30529CC8D32986C623D14A63"
"sauna-univ-07.jpg","303982","C6A3C2222C89A63B3B06C9C663CCA13A771C1454EF2B69668E5B44B58DFD4E81"
"sauna-univ-08.jpg","260167","7FE8A19A9409AA7C7CA36D760E56FBDFE95F3782418CE844981BDC8A9DD59D6C"
"sauna-univ-09.jpg","197134","4C02FE77B22B3777B899BC380ABFA1F539280A09B4293A2E717A642E0F724B7E"
"sauna-univ-10.jpg","131464","8575E0D481814765D8BAA672D279767B6B450E835B3A475981F086FF1345A6BA"
"sauna-univ-13.jpg","114262","2337DA62A77D8AA0E20A45C9902559BAE1B4338EEE34783DE029161E5A8DD153"
"sauna-univ-14.jpg","144618","E69F4134885AB880D4B2ABF1E43695030A2052D219D63A56CD0AB71E506A2D01"
"sauna-univ-15.jpg","89828","4C62A923FDDBD921C31103B432CE6C513308BC835B0E533C4994E7F805BE0E6E"
"sauna-univ-16.jpg","115262","3EB045AB17D780C04E0D7FFBF6D22E569B130871E6614D11C00D758DD34F657F"
"sauna-univ-17.jpg","162243","D7DA60175C1236C3EC9C004958B5C2AEBBA5B3D7CCD59AAB354DDF944D30D022"
"sauna-univ-18.jpg","158698","F3A461BA352BCC229ACBF8996263B195FB476767980A15B491B8C9DFDF70F1A4"
"sauna-univ-19.jpg","165931","12405D983A6742C0728FBEBCF0ADFC51C3B03D21A0482D0EED2663CBC29E96D0"
"sauna-univ-20.jpg","160678","F40AD235388B05B705F39BA6416199660970A8695425E683D51762EECC7046FF"
"sauna-univ-22.jpg","382888","186A7CB5A1D4B7E8EB62EF5C3458E1E4897945CE88960698DD6C1A860FF32EDE"
"sauna-univ-23.jpg","87642","C86655C3819C38FCE9405EE2AD0E2EA267C201C4B3336EECBEB55249D0C08DCD"
"sauna-univ-24.jpg","126444","9F837038B63651616A905444399ACACB13C6F80D1F1FD594756F4E1770E98E07"
"sauna-univ-25.jpg","229413","E92665E5161C1D9484D21228010B44955B096168E4412E20E855677CE02C7968"
"sauna-univ-26.jpg","209015","B15ED92750E2516CDC449772D7F16375356115F90070A434E2DC25E69F620768"
"sauna-univ-29.jpg","170370","DAEFB7469AA23C368FA44DF9759D05CB531656A230D9223B7579AC0C5648E4D4"
"sauna-univ-30.jpg","269164","8CE3CC421F24E548706482A3CB14E2316879EE2E4CADA45DED4BCBAAFBF4AF2C"
"sauna-univ-34.jpg","285924","64709B97847D8C9940FA4629696AC9BE47599913629954D63DC26E9A0326F542"
"sauna-univ-36.jpg","591319","18C8D0F7BACDA634F81AFF73A866481D9B82FC126F305AA317F99673ADC09D81"
"sauna-univ-37.jpg","306112","0285BC8C3B8DD00B3E6777099DE1B05AC04EABA16377E7599789FC5C8F98BAAB"
"sauna-univ-38.jpg","123909","A9AD77EA931518822F3D84B67B528DEDBD9BF0143F5D1DF17827F09B049028BF"
"sauna-univ-39.jpg","102737","F41146A12CEB3110061FCB461504398A6DBC9DD5876D7E3F482A1563C8E3B7C9"
"sauna-univ-41.jpg","114857","C7AEEB0C9CF5EB59623953AB6B0D8FE69981737A0CF70BD199EEF1CB9AACC252"
"sauna-univ-42.jpg","198865","D726914BDC6F0F777E3031A465FB980A5D4785DAEB49CD176F0BB5ADB0426356"
"sauna-univ-43.jpg","311830","38B46AA6BEB7C9784079AF5AC759CE94F4B7B67523A7DC0527B92FBA121D865F"
"sauna-univ-44.jpg","102202","4F3129769427BCD1F7E02A993C4E63A9A5C97AFF0B724B1F2834C850494C0EA3"
"sauna-univ-45.jpg","274168","0EA95C858063EA7AC274A861A507878C6FC2D76FF8D5DC5E9D8F8CB17F5E1CEE"
